Heart valve disorder,signs and symptoms,368009,SNOMED,2024-06-01
Tachycardia,signs and symptoms,3424008,SNOMED,2024-06-01
Mean blood pressure,signs and symptoms,6797001,SNOMED,2024-06-01
Ex-smoker,signs and symptoms,8517006,SNOMED,2024-06-01
High density lipoprotein,signs and symptoms,9422000,SNOMED,2024-06-01
Chronic obstructive pulmonary disease,signs and symptoms,13645005,SNOMED,2024-06-01
Low density lipoprotein,signs and symptoms,22244007,SNOMED,2024-06-01
Myocardial infarction,signs and symptoms,22298006,SNOMED,2024-06-01
Raised jugular venous pressure,signs and symptoms,22447003,SNOMED,2024-06-01
Albumin measurement,signs and symptoms,26758005,SNOMED,2024-06-01
Body weight,signs and symptoms,27113001,SNOMED,2024-06-01
Chest pain,signs and symptoms,29857009,SNOMED,2024-06-01
Hospital admission,signs and symptoms,32485007,SNOMED,2024-06-01
Ferritin,signs and symptoms,32789000,SNOMED,2024-06-01
Hyperthyroidism,signs and symptoms,34486009,SNOMED,2024-06-01
Depressive disorder,signs and symptoms,35489007,SNOMED,2024-06-01
Hemoglobin,signs and symptoms,38082009,SNOMED,2024-06-01
Hypertensive disorder,signs and symptoms,38341003,SNOMED,2024-06-01
Sodium,signs and symptoms,39972003,SNOMED,2024-06-01
Respiratory crackles,signs and symptoms,48409008,SNOMED,2024-06-01
Atrial fibrillation,signs and symptoms,49436004,SNOMED,2024-06-01
Dementia,signs and symptoms,52448006,SNOMED,2024-06-01
Paroxysmal nocturnal dyspnoea,signs and symptoms,55442000,SNOMED,2024-06-01
Pleural effusion,signs and symptoms,60046008,SNOMED,2024-06-01
Gamma-glutamyltransferase,signs and symptoms,60153001,SNOMED,2024-06-01
Body mass index,signs and symptoms,60621009,SNOMED,2024-06-01
Pulse irregular,signs and symptoms,61086009,SNOMED,2024-06-01
C reactive protein,signs and symptoms,61425002,SNOMED,2024-06-01
AIDS,signs and symptoms,62479008,SNOMED,2024-06-01
Nocturnal cough,signs and symptoms,62548007,SNOMED,2024-06-01
Orthopnea,signs and symptoms,62744007,SNOMED,2024-06-01
Hepatojugular reflux,signs and symptoms,72196001,SNOMED,2024-06-01
Diabetes mellitus,signs and symptoms,73211009,SNOMED,2024-06-01
Smoker,signs and symptoms,77176002,SNOMED,2024-06-01
Obstructive sleep apnea syndrome,signs and symptoms,78275009,SNOMED,2024-06-01
Loss of appetite,signs and symptoms,79890006,SNOMED,2024-06-01
Glomerular filtration rate,signs and symptoms,80274001,SNOMED,2024-06-01
Palpitations,signs and symptoms,80313002,SNOMED,2024-06-01
Large liver,signs and symptoms,80515008,SNOMED,2024-06-01
Oliguria,signs and symptoms,83128009,SNOMED,2024-06-01
Heart failure,signs and symptoms,84114007,SNOMED,2024-06-01
Fatigue,signs and symptoms,84229001,SNOMED,2024-06-01
Cholesterol,signs and symptoms,84698008,SNOMED,2024-06-01
Triacylglycerol,signs and symptoms,85600001,SNOMED,2024-06-01
Cardiomyopathy,signs and symptoms,85898001,SNOMED,2024-06-01
Human immunodeficiency virus infection,signs and symptoms,86406008,SNOMED,2024-06-01
Potassium,signs and symptoms,88480006,SNOMED,2024-06-01
Heart murmur,signs and symptoms,88610006,SNOMED,2024-06-01
Weight loss,signs and symptoms,89362005,SNOMED,2024-06-01
Troponin T,signs and symptoms,102682001,SNOMED,2024-06-01
Troponin I,signs and symptoms,102683006,SNOMED,2024-06-01
Blood urea nitrogen measurement,signs and symptoms,105011006,SNOMED,2024-06-01
Transferrin saturation,signs and symptoms,165730006,SNOMED,2024-06-01
Date of birth,signs and symptoms,184099003,SNOMED,2024-06-01
Angina pectoris,signs and symptoms,194828000,SNOMED,2024-06-01
Cerebrovascular accident,signs and symptoms,230690007,SNOMED,2024-06-01
Coronary artery bypass graft,signs and symptoms,232717009,SNOMED,2024-06-01
Disease of liver,signs and symptoms,235856003,SNOMED,2024-06-01
Female,signs and symptoms,248152002,SNOMED,2024-06-01
Male,signs and symptoms,248153007,SNOMED,2024-06-01
Left ventricular ejection fraction,signs and symptoms,250908004,SNOMED,2024-06-01
Left ventricular end-systolic cavity size,signs and symptoms,250931004,SNOMED,2024-06-01
Right ventricular ejection fraction,signs and symptoms,250939002,SNOMED,2024-06-01
Cardiac rhythm type,signs and symptoms,251149006,SNOMED,2024-06-01
QRS Axis,signs and symptoms,251196003,SNOMED,2024-06-01
QRS complex duration,signs and symptoms,251208001,SNOMED,2024-06-01
Weight increased,signs and symptoms,262286000,SNOMED,2024-06-01
Renal dialysis,signs and symptoms,265764009,SNOMED,2024-06-01
Transient cerebral ischaemia,signs and symptoms,266257000,SNOMED,2024-06-01
Never smoked tobacco,signs and symptoms,266919005,SNOMED,2024-06-01
Tobacco smoking consumption unknown,signs and symptoms,266927001,SNOMED,2024-06-01
Dyspnea,signs and symptoms,267036007,SNOMED,2024-06-01
Swollen ankle region,signs and symptoms,267039000,SNOMED,2024-06-01
Impaired exercise tolerance,signs and symptoms,267044007,SNOMED,2024-06-01
Urine albumin measurement,signs and symptoms,271000000,SNOMED,2024-06-01
Urine albumin/creatinine ratio measurement,signs and symptoms,271075006,SNOMED,2024-06-01
"Creatine measurement, urine",signs and symptoms,271261008,SNOMED,2024-06-01
Syncope,signs and symptoms,271594007,SNOMED,2024-06-01
Peripheral edema,signs and symptoms,271809000,SNOMED,2024-06-01
Tachypnoea,signs and symptoms,271823003,SNOMED,2024-06-01
Third heart sound,signs and symptoms,277455002,SNOMED,2024-06-01
Finding of heart rhythm,signs and symptoms,301112006,SNOMED,2024-06-01
Body surface area,signs and symptoms,301898006,SNOMED,2024-06-01
Cardiovascular implant,signs and symptoms,303490004,SNOMED,2024-06-01
Vascular implant,signs and symptoms,303617005,SNOMED,2024-06-01
Place of origin,signs and symptoms,307117005,SNOMED,2024-06-01
Cheyne-Stokes respiration,signs and symptoms,309155007,SNOMED,2024-06-01
Malignant neoplastic disease,signs and symptoms,363346000,SNOMED,2024-06-01
Heart rate,signs and symptoms,364075005,SNOMED,2024-06-01
Depressed mood,signs and symptoms,366979004,SNOMED,2024-06-01
Aldosterone receptor antagonist,signs and symptoms,372603003,SNOMED,2024-06-01
Loop diuretic,signs and symptoms,372691009,SNOMED,2024-06-01
Diuretic,signs and symptoms,372695000,SNOMED,2024-06-01
Angiotensin-converting enzyme inhibitor,signs and symptoms,372733002,SNOMED,2024-06-01
Vasodilator,signs and symptoms,372787008,SNOMED,2024-06-01
Anticoagulant,signs and symptoms,372862008,SNOMED,2024-06-01
HMG-CoA reductase inhibitor,signs and symptoms,372912004,SNOMED,2024-06-01
Angiotensin II receptor antagonist,signs and symptoms,372913009,SNOMED,2024-06-01
Beta adrenergic receptor antagonist,signs and symptoms,373254001,SNOMED,2024-06-01
Calcium channel blocker,signs and symptoms,373304005,SNOMED,2024-06-01
Ascites,signs and symptoms,389026000,SNOMED,2024-06-01
Rheumatism,signs and symptoms,396332003,SNOMED,2024-06-01
Left ventricular area fractional change,signs and symptoms,399287000,SNOMED,2024-06-01
Systolic blood pressure on admission,signs and symptoms,399304008,SNOMED,2024-06-01
Date of admission,signs and symptoms,399423000,SNOMED,2024-06-01
Acute ST segment elevation myocardial infarction,signs and symptoms,401303003,SNOMED,2024-06-01
Acute non-ST segment elevation myocardial infarction,signs and symptoms,401314000,SNOMED,2024-06-01
Dizziness,signs and symptoms,404640003,SNOMED,2024-06-01
Digitalis glycoside,signs and symptoms,406759007,SNOMED,2024-06-01
B-type natriuretic peptide,signs and symptoms,407059007,SNOMED,2024-06-01
Ischemic heart disease,signs and symptoms,414545008,SNOMED,2024-06-01
N-terminal pro-B-type natriuretic peptide,signs and symptoms,414798009,SNOMED,2024-06-01
Percutaneous coronary intervention,signs and symptoms,415070008,SNOMED,2024-06-01
Death,signs and symptoms,419620001,SNOMED,2024-06-01
Transplant heart,signs and symptoms,420291005,SNOMED,2024-06-01
New York Heart Association Classification,signs and symptoms,420816009,SNOMED,2024-06-01
Ivabradine,signs and symptoms,421228002,SNOMED,2024-06-01
Venous oxygen saturation,signs and symptoms,442349007,SNOMED,2024-06-01
Arterial oxygen saturation,signs and symptoms,442476006,SNOMED,2024-06-01
Diastolic blood pressure on admission,signs and symptoms,446226005,SNOMED,2024-06-01
Smokes tobacco daily,signs and symptoms,449868002,SNOMED,2024-06-01
Sodium glucose cotransporter subtype 2 inhibitor,signs and symptoms,703673007,SNOMED,2024-06-01
Chronic kidney disease,signs and symptoms,709044004,SNOMED,2024-06-01
Measurement of C-reactive protein using high sensitivity technique,signs and symptoms,711357009,SNOMED,2024-06-01
a wave,signs and symptoms,723240002,SNOMED,2024-06-01
Glycated hemoglobin-A1c,signs and symptoms,733830002,SNOMED,2024-06-01
Platelet aggregation inhibitor,signs and symptoms,771452004,SNOMED,2024-06-01
Sacubitril and valsartan only product,signs and symptoms,777480008,SNOMED,2024-06-01
Sodium channel blocker,signs and symptoms,782436006,SNOMED,2024-06-01
Peripheral arterial disease,signs and symptoms,840580004,SNOMED,2024-06-01
Renin-angiotensin system inhibitor,signs and symptoms,866173006,SNOMED,2024-06-01
Body height,signs and symptoms,1153637007,SNOMED,2024-06-01
Occasional tobacco smoker,signs and symptoms,428041000124106,SNOMED,2024-06-01
Flumethiazide,Medication,6513000,SNOMED,2024-06-01
Chlorothiazide sodium,Medication,8252004,SNOMED,2024-06-01
Trichlormethiazide,Medication,11473005,SNOMED,2024-06-01
Diltiazem hydrochloride,Medication,12218006,SNOMED,2024-06-01
Inositol hexanitrate,Medication,12970004,SNOMED,2024-06-01
Verapamil hydrochloride,Medication,14340003,SNOMED,2024-06-01
Mercaptomerin sodium,Medication,30333004,SNOMED,2024-06-01
Mercumatilin,Medication,33667000,SNOMED,2024-06-01
Cyclothiazide,Medication,37006008,SNOMED,2024-06-01
Amisometradine,Medication,39263003,SNOMED,2024-06-01
Amyl nitrate,Medication,41153003,SNOMED,2024-06-01
Quinethazone,Medication,41261002,SNOMED,2024-06-01
Sulfonamide diuretic,Medication,43585000,SNOMED,2024-06-01
Enalaprilat,Medication,48052001,SNOMED,2024-06-01
Merethoxylline procaine,Medication,49022000,SNOMED,2024-06-01
Methazolamide,Medication,53052005,SNOMED,2024-06-01
Erythrityl tetranitrate,Medication,62368002,SNOMED,2024-06-01
Ethoxyzolamide,Medication,63203003,SNOMED,2024-06-01
Tienilic acid,Medication,64029000,SNOMED,2024-06-01
Benzthiazide,Medication,66290002,SNOMED,2024-06-01
Chlormerodrin,Medication,74589005,SNOMED,2024-06-01
Ethacrynate sodium,Medication,75341007,SNOMED,2024-06-01
Theobromine,Medication,75371004,SNOMED,2024-06-01
Aminometradine,Medication,80253002,SNOMED,2024-06-01
Meralluride,Medication,85391002,SNOMED,2024-06-01
Chlorazanil,Medication,88802007,SNOMED,2024-06-01
Canrenone,Medication,96291007,SNOMED,2024-06-01
Norverapamil,Medication,96297006,SNOMED,2024-06-01
Torasemide,Medication,108476002,SNOMED,2024-06-01
Nicardipine hydrochloride,Medication,108527006,SNOMED,2024-06-01
Bepridil hydrochloride,Medication,108531000,SNOMED,2024-06-01
Moexipril hydrochloride,Medication,108567007,SNOMED,2024-06-01
Fosinopril sodium,Medication,108570006,SNOMED,2024-06-01
Benazepril hydrochloride,Medication,108573008,SNOMED,2024-06-01
Losartan potassium,Medication,108582002,SNOMED,2024-06-01
Pamabrom,Medication,116552006,SNOMED,2024-06-01
Perindopril erbumine,Medication,129485000,SNOMED,2024-06-01
Eprosartan mesilate,Medication,129488003,SNOMED,2024-06-01
Mercaptomerin,Medication,362947006,SNOMED,2024-06-01
Nicardipine,Medication,372502001,SNOMED,2024-06-01
Bepridil,Medication,372503006,SNOMED,2024-06-01
Fosinopril,Medication,372510000,SNOMED,2024-06-01
Benazepril,Medication,372511001,SNOMED,2024-06-01
Candesartan,Medication,372512008,SNOMED,2024-06-01
Aldosterone receptor antagonist,Medication,372603003,SNOMED,2024-06-01
Enalapril,Medication,372658000,SNOMED,2024-06-01
Saluretic agent,Medication,372660003,SNOMED,2024-06-01
Loop diuretic,Medication,372691009,SNOMED,2024-06-01
Diuretic,Medication,372695000,SNOMED,2024-06-01
Nitrate-based vasodilating agent,Medication,372700007,SNOMED,2024-06-01
Acetazolamide,Medication,372709008,SNOMED,2024-06-01
Angiotensin-converting enzyme inhibitor,Medication,372733002,SNOMED,2024-06-01
Thiazide diuretic,Medication,372747003,SNOMED,2024-06-01
Potassium-sparing diuretic,Medication,372753003,SNOMED,2024-06-01
Verapamil,Medication,372754009,SNOMED,2024-06-01
Uricosuric agent,Medication,372758007,SNOMED,2024-06-01
Chlorothiazide,Medication,372782002,SNOMED,2024-06-01
Osmotic diuretic,Medication,372792005,SNOMED,2024-06-01
Diltiazem,Medication,372793000,SNOMED,2024-06-01
Angiotensin II receptor antagonist,Medication,372913009,SNOMED,2024-06-01
Perindopril,Medication,372916001,SNOMED,2024-06-01
Calcium channel blocker,Medication,373304005,SNOMED,2024-06-01
Moexipril,Medication,373442003,SNOMED,2024-06-01
Ethacrynic acid,Medication,373536004,SNOMED,2024-06-01
Losartan,Medication,373567002,SNOMED,2024-06-01
Mercurial diuretic,Medication,373751005,SNOMED,2024-06-01
Amlodipine besilate,Medication,384976003,SNOMED,2024-06-01
Pentaerythritol tetranitrate,Medication,386836006,SNOMED,2024-06-01
Gabapentin,Medication,386845007,SNOMED,2024-06-01
Isosorbide,Medication,386853004,SNOMED,2024-06-01
Isosorbide mononitrate,Medication,386854005,SNOMED,2024-06-01
Nisoldipine,Medication,386861009,SNOMED,2024-06-01
Isradipine,Medication,386862002,SNOMED,2024-06-01
Felodipine,Medication,386863007,SNOMED,2024-06-01
Amlodipine,Medication,386864001,SNOMED,2024-06-01
Trandolapril,Medication,386871006,SNOMED,2024-06-01
Ramipril,Medication,386872004,SNOMED,2024-06-01
Lisinopril,Medication,386873009,SNOMED,2024-06-01
Quinapril,Medication,386874003,SNOMED,2024-06-01
Quinapril hydrochloride,Medication,386875002,SNOMED,2024-06-01
Valsartan,Medication,386876001,SNOMED,2024-06-01
Irbesartan,Medication,386877005,SNOMED,2024-06-01
Candesartan cilexetil,Medication,386878000,SNOMED,2024-06-01
Amyl nitrite,Medication,387038004,SNOMED,2024-06-01
Triamterene,Medication,387053007,SNOMED,2024-06-01
Telmisartan,Medication,387069000,SNOMED,2024-06-01
Spironolactone,Medication,387078006,SNOMED,2024-06-01
Urea,Medication,387092000,SNOMED,2024-06-01
Sulfinpyrazone,Medication,387108008,SNOMED,2024-06-01
Metolazone,Medication,387123003,SNOMED,2024-06-01
Mersalyl,Medication,387157006,SNOMED,2024-06-01
Captopril,Medication,387160004,SNOMED,2024-06-01
Enalapril maleate,Medication,387165009,SNOMED,2024-06-01
Mannitol,Medication,387168006,SNOMED,2024-06-01
Prenylamine,Medication,387288001,SNOMED,2024-06-01
Chlortalidone,Medication,387324004,SNOMED,2024-06-01
Isosorbide dinitrate,Medication,387332007,SNOMED,2024-06-01
Probenecid,Medication,387365004,SNOMED,2024-06-01
Methyclothiazide,Medication,387373008,SNOMED,2024-06-01
Nitroglycerin,Medication,387404004,SNOMED,2024-06-01
Indapamide,Medication,387419003,SNOMED,2024-06-01
Furosemide,Medication,387475002,SNOMED,2024-06-01
Choline theophyllinate,Medication,387489007,SNOMED,2024-06-01
Nifedipine,Medication,387490003,SNOMED,2024-06-01
Polythiazide,Medication,387492006,SNOMED,2024-06-01
Bumetanide,Medication,387498005,SNOMED,2024-06-01
Nimodipine,Medication,387502003,SNOMED,2024-06-01
Amiloride,Medication,387503008,SNOMED,2024-06-01
Amiloride hydrochloride,Medication,387516008,SNOMED,2024-06-01
Bendroflumethiazide,Medication,387520007,SNOMED,2024-06-01
Hydrochlorothiazide,Medication,387525002,SNOMED,2024-06-01
Apazone,Medication,391798003,SNOMED,2024-06-01
Imidapril hydrochloride,Medication,395741003,SNOMED,2024-06-01
Lacidipine,Medication,395764001,SNOMED,2024-06-01
Lercanidipine hydrochloride,Medication,395768003,SNOMED,2024-06-01
Mersalyl sodium,Medication,395784002,SNOMED,2024-06-01
Xipamide,Medication,395923001,SNOMED,2024-06-01
Clopamide,Medication,395940005,SNOMED,2024-06-01
Hydroflumethiazide,Medication,395946004,SNOMED,2024-06-01
Cilazapril,Medication,395947008,SNOMED,2024-06-01
Imidapril,Medication,395984005,SNOMED,2024-06-01
Lercanidipine,Medication,395986007,SNOMED,2024-06-01
Cyclopenthiazide,Medication,396009008,SNOMED,2024-06-01
Eprosartan,Medication,396044005,SNOMED,2024-06-01
Phenylalkylamine,Medication,406766008,SNOMED,2024-06-01
Benzothiazepine,Medication,406767004,SNOMED,2024-06-01
Diarylaminopropylamine,Medication,406768009,SNOMED,2024-06-01
Dihydropyridine derivative calcium channel blocker,Medication,406769001,SNOMED,2024-06-01
Mefruside,Medication,406772008,SNOMED,2024-06-01
Eplerenone,Medication,407010008,SNOMED,2024-06-01
Diltiazem maleate,Medication,410870005,SNOMED,2024-06-01
Amiloride hydrochloride dihydrate,Medication,412082007,SNOMED,2024-06-01
Olmesartan,Medication,412259001,SNOMED,2024-06-01
Olmesartan medoxomil,Medication,412260006,SNOMED,2024-06-01
Terodiline,Medication,417479000,SNOMED,2024-06-01
Piperazine-derivative calcium channel blocker,Medication,418559008,SNOMED,2024-06-01
Lidoflazine,Medication,418865004,SNOMED,2024-06-01
Purine derivative diuretic,Medication,419151007,SNOMED,2024-06-01
Piretanide,Medication,419451002,SNOMED,2024-06-01
Potassium canrenoate,Medication,419615001,SNOMED,2024-06-01
Amlodipine maleate,Medication,421048000,SNOMED,2024-06-01
Mibefradil,Medication,421651006,SNOMED,2024-06-01
Perhexiline,Medication,421817009,SNOMED,2024-06-01
Conivaptan,Medication,421858002,SNOMED,2024-06-01
Aliskiren fumarate,Medication,425981005,SNOMED,2024-06-01
Renin inhibitor,Medication,426228001,SNOMED,2024-06-01
Aliskiren,Medication,426725002,SNOMED,2024-06-01
Clevidipine,Medication,439471002,SNOMED,2024-06-01
Perindopril arginine,Medication,442509000,SNOMED,2024-06-01
Tolvaptan,Medication,443058000,SNOMED,2024-06-01
Nitrendipine,Medication,444757009,SNOMED,2024-06-01
Azilsartan,Medication,449042005,SNOMED,2024-06-01
Azilsartan medoxomil,Medication,449561004,SNOMED,2024-06-01
Pinaverium bromide,Medication,698023008,SNOMED,2024-06-01
Benzbromarone,Medication,698025001,SNOMED,2024-06-01
Barnidipine,Medication,698052006,SNOMED,2024-06-01
Delapril,Medication,698093003,SNOMED,2024-06-01
Delapril hydrochloride,Medication,700066002,SNOMED,2024-06-01
Gabapentin enacarbil,Medication,703122000,SNOMED,2024-06-01
Zofenopril,Medication,703340007,SNOMED,2024-06-01
Zofenopril calcium,Medication,703341006,SNOMED,2024-06-01
Zofenoprilat,Medication,703342004,SNOMED,2024-06-01
Zofenoprilat,Medication,703342004,SNOMED,2024-06-01
Zofenoprilat arginine,Medication,703343009,SNOMED,2024-06-01
Gallopamil,Medication,703433005,SNOMED,2024-06-01
Gallopamil hydrochloride,Medication,703434004,SNOMED,2024-06-01
Nilvadipine,Medication,713436005,SNOMED,2024-06-01
Spirapril,Medication,713473008,SNOMED,2024-06-01
Lesinurad,Medication,715259003,SNOMED,2024-06-01
Althiazide,Medication,717101002,SNOMED,2024-06-01
"1,2-dinitroglycerin",Medication,725531004,SNOMED,2024-06-01
Indapamide hemihydrate,Medication,725661001,SNOMED,2024-06-01
Cilazapril monohydrate,Medication,725786001,SNOMED,2024-06-01
Irbesartan hydrochloride,Medication,734504000,SNOMED,2024-06-01
Cicletanine,Medication,735156005,SNOMED,2024-06-01
Cicletanine hydrochloride,Medication,735160008,SNOMED,2024-06-01
Perindopril tosylate,Medication,735174001,SNOMED,2024-06-01
Manidipine,Medication,765322004,SNOMED,2024-06-01
Manidipine hydrochloride,Medication,765323009,SNOMED,2024-06-01
Sacubitril and valsartan only product,Medication,777480008,SNOMED,2024-06-01
Terodiline hydrochloride,Medication,782604006,SNOMED,2024-06-01
Amlodipine benzoate,Medication,789067004,SNOMED,2024-06-01
Renin-angiotensin system inhibitor,Medication,866173006,SNOMED,2024-06-01
Azilsartan medoxomil potassium,Medication,895431005,SNOMED,2024-06-01
Enalapril sodium,Medication,1119307002,SNOMED,2024-06-01
Perindopril erbumine monohydrate,Medication,1119308007,SNOMED,2024-06-01
Finerenone,Medication,1163346008,SNOMED,2024-06-01
Cilnidipine,Medication,1177123004,SNOMED,2024-06-01
Amlodipine mesylate,Medication,1193663008,SNOMED,2024-06-01
Levamlodipine,Medication,1217308000,SNOMED,2024-06-01
Levamlodipine besylate,Medication,1217324004,SNOMED,2024-06-01
Amiloride hydrochloride anhydrous,Medication,1268944002,SNOMED,2024-06-01
Cilazapril anhydrous,Medication,1268982005,SNOMED,2024-06-01
Lisinopril anhydrous,Medication,1269132005,SNOMED,2024-06-01
Benidipine hydrochloride,Medication,1303527004,SNOMED,2024-06-01
Benidipine,Medication,1303528009,SNOMED,2024-06-01
Lercanidipine hydrochloride hemihydrate,Medication,1304158004,SNOMED,2024-06-01
Perhexiline maleate,Medication,1332137007,SNOMED,2024-06-01
Fimasartan,Medication,1332433003,SNOMED,2024-06-01
Fimasartan potassium trihydrate,Medication,1332434009,SNOMED,2024-06-01
Lisinopril dihydrate,Medication,341000220102,SNOMED,2024-06-01
Butizide,Medication,20551000122108,SNOMED,2024-06-01
Tocainide hydrochloride,Medication,2195004,SNOMED,2024-06-01
Acebutolol hydrochloride,Medication,3597005,SNOMED,2024-06-01
Glucurolactone,Medication,18600008,SNOMED,2024-06-01
Diphenadione,Medication,20368008,SNOMED,2024-06-01
Protein C,Medication,25525005,SNOMED,2024-06-01
Heparin calcium,Medication,29725000,SNOMED,2024-06-01
4-hydroxycoumarin,Medication,31011004,SNOMED,2024-06-01
Aglycone,Medication,35135004,SNOMED,2024-06-01
Esmolol hydrochloride,Medication,35318005,SNOMED,2024-06-01
Ouabain,Medication,35966009,SNOMED,2024-06-01
Beta-2 adrenergic receptor antagonist,Medication,37751002,SNOMED,2024-06-01
Anisindione,Medication,38122009,SNOMED,2024-06-01
Potassium warfarin,Medication,41509001,SNOMED,2024-06-01
Ancrod,Medication,43848004,SNOMED,2024-06-01
Heparin sodium,Medication,50045009,SNOMED,2024-06-01
Phenprocoumon,Medication,59488002,SNOMED,2024-06-01
Lidocaine hydrochloride,Medication,61773008,SNOMED,2024-06-01
Warfarin sodium,Medication,63167009,SNOMED,2024-06-01
Propranolol hydrochloride,Medication,65088001,SNOMED,2024-06-01
Timolol maleate,Medication,75359005,SNOMED,2024-06-01
Dicumarol,Medication,79209008,SNOMED,2024-06-01
Dalfampridine,Medication,80994002,SNOMED,2024-06-01
Encainide hydrochloride,Medication,81017004,SNOMED,2024-06-01
Bromindione,Medication,88352008,SNOMED,2024-06-01
Cyclocumarol,Medication,88589005,SNOMED,2024-06-01
Bromadiolone,Medication,95993009,SNOMED,2024-06-01
Alprenolol,Medication,96294004,SNOMED,2024-06-01
Resveratrol,Medication,96383001,SNOMED,2024-06-01
Acarboxy-protein C,Medication,103249001,SNOMED,2024-06-01
Moracizine hydrochloride,Medication,108489008,SNOMED,2024-06-01
Mexiletine hydrochloride,Medication,108500007,SNOMED,2024-06-01
Cerivastatin sodium,Medication,108597004,SNOMED,2024-06-01
Atorvastatin calcium,Medication,108601004,SNOMED,2024-06-01
Enoxaparin sodium,Medication,108983001,SNOMED,2024-06-01
Dalteparin sodium,Medication,108987000,SNOMED,2024-06-01
Ardeparin sodium,Medication,108990006,SNOMED,2024-06-01
Pentosan polysulfate sodium,Medication,109117004,SNOMED,2024-06-01
Carbaspirin calcium,Medication,111122008,SNOMED,2024-06-01
Cilostazol,Medication,116087001,SNOMED,2024-06-01
Dofetilide,Medication,116107002,SNOMED,2024-06-01
Brodifacoum,Medication,117448002,SNOMED,2024-06-01
Sotalol hydrochloride,Medication,125691000,SNOMED,2024-06-01
Metipranolol hydrochloride,Medication,126152000,SNOMED,2024-06-01
Tocainide,Medication,372479006,SNOMED,2024-06-01
Epoprostenol,Medication,372513003,SNOMED,2024-06-01
Enoxaparin,Medication,372562003,SNOMED,2024-06-01
Dalteparin,Medication,372563008,SNOMED,2024-06-01
Danaparoid,Medication,372564002,SNOMED,2024-06-01
Indanedione,Medication,372573005,SNOMED,2024-06-01
Heparinoid,Medication,372637006,SNOMED,2024-06-01
Beta-1 adrenergic receptor antagonist,Medication,372661004,SNOMED,2024-06-01
Encainide,Medication,372749000,SNOMED,2024-06-01
Labetalol,Medication,372750000,SNOMED,2024-06-01
Warfarin,Medication,372756006,SNOMED,2024-06-01
Propranolol,Medication,372772003,SNOMED,2024-06-01
Antiarrhythmic agent,Medication,372813008,SNOMED,2024-06-01
Acebutolol,Medication,372815001,SNOMED,2024-06-01
Anticoagulant,Medication,372862008,SNOMED,2024-06-01
Heparin,Medication,372877000,SNOMED,2024-06-01
Timolol,Medication,372880004,SNOMED,2024-06-01
Coumarin anticoagulant,Medication,373307003,SNOMED,2024-06-01
Digitoxin,Medication,373534001,SNOMED,2024-06-01
Pravastatin,Medication,373566006,SNOMED,2024-06-01
Moracizine,Medication,373726009,SNOMED,2024-06-01
Ardeparin,Medication,373731006,SNOMED,2024-06-01
Coagulation factor Xa inhibitor,Medication,385577009,SNOMED,2024-06-01
Treprostinil sodium,Medication,385681001,SNOMED,2024-06-01
Carteolol hydrochloride,Medication,386867008,SNOMED,2024-06-01
Bisoprolol,Medication,386868003,SNOMED,2024-06-01
Bisoprolol fumarate,Medication,386869006,SNOMED,2024-06-01
Carvedilol,Medication,386870007,SNOMED,2024-06-01
Clopidogrel,Medication,386952008,SNOMED,2024-06-01
Tirofiban,Medication,386953003,SNOMED,2024-06-01
Danaparoid sodium,Medication,386954009,SNOMED,2024-06-01
Lepirudin,Medication,386955005,SNOMED,2024-06-01
Eptifibatide,Medication,386998009,SNOMED,2024-06-01
Oxcarbazepine,Medication,387025007,SNOMED,2024-06-01
Pindolol,Medication,387102009,SNOMED,2024-06-01
Betaxolol hydrochloride,Medication,387195001,SNOMED,2024-06-01
Phenytoin,Medication,387220006,SNOMED,2024-06-01
Phenindione,Medication,387260007,SNOMED,2024-06-01
Lanatoside C,Medication,387338006,SNOMED,2024-06-01
Levobunolol hydrochloride,Medication,387349000,SNOMED,2024-06-01
Lamotrigine,Medication,387562000,SNOMED,2024-06-01
Oxprenolol,Medication,387583006,SNOMED,2024-06-01
Simvastatin,Medication,387584000,SNOMED,2024-06-01
Nebivolol,Medication,395808005,SNOMED,2024-06-01
Nicorandil,Medication,395809002,SNOMED,2024-06-01
Oxprenolol hydrochloride,Medication,395817005,SNOMED,2024-06-01
Celiprolol hydrochloride,Medication,395874008,SNOMED,2024-06-01
Ticlopidine hydrochloride,Medication,395904008,SNOMED,2024-06-01
Celiprolol,Medication,395960002,SNOMED,2024-06-01
Certoparin,Medication,395961003,SNOMED,2024-06-01
Reviparin,Medication,395998002,SNOMED,2024-06-01
Rosuvastatin calcium,Medication,406435003,SNOMED,2024-06-01
Digitalis glycoside,Medication,406759007,SNOMED,2024-06-01
Desirudin,Medication,407117009,SNOMED,2024-06-01
Betaxolol,Medication,409276006,SNOMED,2024-06-01
Levobetaxolol,Medication,409277002,SNOMED,2024-06-01
Difethialone,Medication,410940004,SNOMED,2024-06-01
Bemiparin,Medication,410964003,SNOMED,2024-06-01
Porcine heparin,Medication,412201008,SNOMED,2024-06-01
Bovine heparin sodium,Medication,412202001,SNOMED,2024-06-01
Tirofiban hydrochloride monohydrate,Medication,412321006,SNOMED,2024-06-01
Flosequinan,Medication,412391002,SNOMED,2024-06-01
Fluvastatin sodium,Medication,412392009,SNOMED,2024-06-01
Metoprolol succinate,Medication,412432007,SNOMED,2024-06-01
Tinzaparin,Medication,412608008,SNOMED,2024-06-01
Direct thrombin inhibitor,Medication,414010005,SNOMED,2024-06-01
Medigoxin,Medication,418574005,SNOMED,2024-06-01
Levobunolol,Medication,418934007,SNOMED,2024-06-01
Long-acting coumarin derivative,Medication,420092006,SNOMED,2024-06-01
Ranolazine,Medication,420365007,SNOMED,2024-06-01
Difenacoum,Medication,420968001,SNOMED,2024-06-01
Aloxiprin,Medication,421012002,SNOMED,2024-06-01
Amifampridine,Medication,422654000,SNOMED,2024-06-01
Buffered aspirin,Medication,426365001,SNOMED,2024-06-01
Carvedilol phosphate,Medication,426471008,SNOMED,2024-06-01
Prasugrel,Medication,443129001,SNOMED,2024-06-01
Apixaban,Medication,698090000,SNOMED,2024-06-01
Nadroparin calcium,Medication,698278006,SNOMED,2024-06-01
Ticagrelor,Medication,698805004,SNOMED,2024-06-01
Dabigatran,Medication,698871007,SNOMED,2024-06-01
Triflusal,Medication,698872000,SNOMED,2024-06-01
Nadroparin,Medication,699946002,SNOMED,2024-06-01
Dabigatran etexilate,Medication,700029008,SNOMED,2024-06-01
Rosuvastatin,Medication,700067006,SNOMED,2024-06-01
Sodium glucose cotransporter subtype 2 inhibitor,Medication,703673007,SNOMED,2024-06-01
Dapagliflozin,Medication,703674001,SNOMED,2024-06-01
Dapagliflozin propanediol,Medication,703675000,SNOMED,2024-06-01
Canagliflozin,Medication,703676004,SNOMED,2024-06-01
Free phenytoin,Medication,706933005,SNOMED,2024-06-01
Edoxaban,Medication,712778008,SNOMED,2024-06-01
Lidocaine hydrocarbonate,Medication,719905003,SNOMED,2024-06-01
Canagliflozin hemihydrate,Medication,725664009,SNOMED,2024-06-01
Argatroban monohydrate,Medication,725736007,SNOMED,2024-06-01
Tertatolol hydrochloride,Medication,734455009,SNOMED,2024-06-01
Nebivolol hydrochloride,Medication,734565001,SNOMED,2024-06-01
Clopidogrel besylate,Medication,734972007,SNOMED,2024-06-01
Aspirin DL-lysine,Medication,735135008,SNOMED,2024-06-01
Prasugrel hydrochloride,Medication,735166002,SNOMED,2024-06-01
Betrixaban,Medication,735227003,SNOMED,2024-06-01
Platelet aggregation inhibitor,Medication,771452004,SNOMED,2024-06-01
Sodium channel blocker,Medication,782436006,SNOMED,2024-06-01
Porcine heparin sodium,Medication,784398008,SNOMED,2024-06-01
Vericiguat,Medication,1145150000,SNOMED,2024-06-01
Edoxaban tosilate,Medication,1162278009,SNOMED,2024-06-01
Remogliflozin etabonate,Medication,1162688000,SNOMED,2024-06-01
Cangrelor tetrasodium,Medication,1217149008,SNOMED,2024-06-01
Rosuvastatin zinc,Medication,1217216007,SNOMED,2024-06-01
Prasugrel hydrobromide,Medication,1217508004,SNOMED,2024-06-01
(S)-metoprolol succinate,Medication,1240360003,SNOMED,2024-06-01
(S)-metoprolol tartrate,Medication,1240361004,SNOMED,2024-06-01
Heparin lithium,Medication,1256102004,SNOMED,2024-06-01
Heparin ammonium,Medication,1259913003,SNOMED,2024-06-01
Argatroban anhydrous,Medication,1268948004,SNOMED,2024-06-01
Atorvastatin calcium anhydrous,Medication,1268949007,SNOMED,2024-06-01
Dapagliflozin propanediol anhydrous,Medication,1269001007,SNOMED,2024-06-01
Lidocaine hydrochloride anhydrous,Medication,1269131003,SNOMED,2024-06-01
Tirofiban hydrochloride anhydrous,Medication,1269172001,SNOMED,2024-06-01
Tirofiban hydrochloride,Medication,1269173006,SNOMED,2024-06-01
Fluindione,Medication,19351000122101,SNOMED,2024-06-01
Acetyldigitoxin,Medication,7834009,SNOMED,2024-06-01
Deslanoside,Medication,16214005,SNOMED,2024-06-01
Aluminium aspirin,Medication,25796002,SNOMED,2024-06-01
Chlorophacinone,Medication,26371006,SNOMED,2024-06-01
Disopyramide phosphate,Medication,49565007,SNOMED,2024-06-01
Labetalol hydrochloride,Medication,50627005,SNOMED,2024-06-01
Ethyl biscoumacetate,Medication,51739000,SNOMED,2024-06-01
Metoprolol tartrate,Medication,72770009,SNOMED,2024-06-01
Heptaminol,Medication,96259006,SNOMED,2024-06-01
Lovastatin,Medication,96303004,SNOMED,2024-06-01
Pravastatin sodium,Medication,96306007,SNOMED,2024-06-01
Milrinone lactate,Medication,108481006,SNOMED,2024-06-01
Epoprostenol sodium,Medication,108594006,SNOMED,2024-06-01
Argatroban,Medication,116508003,SNOMED,2024-06-01
Bivalirudin,Medication,129498009,SNOMED,2024-06-01
Penbutolol,Medication,372505004,SNOMED,2024-06-01
Pentosan polysulfate,Medication,372571007,SNOMED,2024-06-01
Direct acting anticoagulant,Medication,372636002,SNOMED,2024-06-01
Metoprolol,Medication,372826007,SNOMED,2024-06-01
Disopyramide,Medication,372844004,SNOMED,2024-06-01
Esmolol,Medication,372847006,SNOMED,2024-06-01
Mexiletine,Medication,372909002,SNOMED,2024-06-01
Sotalol,Medication,372911006,SNOMED,2024-06-01
HMG-CoA reductase inhibitor,Medication,372912004,SNOMED,2024-06-01
Beta adrenergic receptor antagonist,Medication,373254001,SNOMED,2024-06-01
Low molecular weight heparin,Medication,373294004,SNOMED,2024-06-01
Milrinone,Medication,373441005,SNOMED,2024-06-01
Cerivastatin,Medication,373443008,SNOMED,2024-06-01
Atorvastatin,Medication,373444002,SNOMED,2024-06-01
Metipranolol,Medication,373446000,SNOMED,2024-06-01
Fondaparinux sodium,Medication,385517000,SNOMED,2024-06-01
Topiramate,Medication,386844006,SNOMED,2024-06-01
Penbutolol sulfate,Medication,386865000,SNOMED,2024-06-01
Carteolol,Medication,386866004,SNOMED,2024-06-01
Ticlopidine,Medication,386950000,SNOMED,2024-06-01
Abciximab,Medication,386951001,SNOMED,2024-06-01
Dipyridamole,Medication,387371005,SNOMED,2024-06-01
Phenytoin sodium,Medication,387416005,SNOMED,2024-06-01
Practolol,Medication,387436006,SNOMED,2024-06-01
Acenocoumarol,Medication,387457003,SNOMED,2024-06-01
Aspirin,Medication,387458008,SNOMED,2024-06-01
Digoxin,Medication,387461009,SNOMED,2024-06-01
Lidocaine,Medication,387480006,SNOMED,2024-06-01
Nadolol,Medication,387482003,SNOMED,2024-06-01
Atenolol,Medication,387506000,SNOMED,2024-06-01
Digitalis,Medication,387521006,SNOMED,2024-06-01
Fluvastatin,Medication,387585004,SNOMED,2024-06-01
Iloprost,Medication,395740002,SNOMED,2024-06-01
Reviparin sodium,Medication,395864005,SNOMED,2024-06-01
Certoparin sodium,Medication,395884009,SNOMED,2024-06-01
Tinzaparin sodium,Medication,395908006,SNOMED,2024-06-01
Bemiparin sodium,Medication,410967005,SNOMED,2024-06-01
Clopidogrel bisulfate,Medication,412354008,SNOMED,2024-06-01
Hirudin,Medication,414407009,SNOMED,2024-06-01
Potassium channel blocker,Medication,415152007,SNOMED,2024-06-01
Ximelagatran,Medication,415853004,SNOMED,2024-06-01
Indirect acting anticoagulant,Medication,419847008,SNOMED,2024-06-01
Coumafuryl,Medication,421212007,SNOMED,2024-06-01
Ivabradine,Medication,421228002,SNOMED,2024-06-01
Rivaroxaban,Medication,442031002,SNOMED,2024-06-01
Treprostinil,Medication,443570007,SNOMED,2024-06-01
Pitavastatin,Medication,443586000,SNOMED,2024-06-01
Sulodexide,Medication,698844007,SNOMED,2024-06-01
Dabigatran etexilate mesylate,Medication,700039002,SNOMED,2024-06-01
Pitavastatin calcium,Medication,700402009,SNOMED,2024-06-01
Empagliflozin,Medication,703894008,SNOMED,2024-06-01
Fondaparinux,Medication,708189008,SNOMED,2024-06-01
Vorapaxar,Medication,708718003,SNOMED,2024-06-01
Hexobendine,Medication,710319000,SNOMED,2024-06-01
Cangrelor,Medication,716118009,SNOMED,2024-06-01
Tertatolol,Medication,716124003,SNOMED,2024-06-01
Indobufen,Medication,717166005,SNOMED,2024-06-01
Selexipag,Medication,717359004,SNOMED,2024-06-01
Atorvastatin calcium trihydrate,Medication,725658002,SNOMED,2024-06-01
Clopidogrel hydrochloride,Medication,734471009,SNOMED,2024-06-01
Ertugliflozin,Medication,764274008,SNOMED,2024-06-01
Dapagliflozin propanediol monohydrate,Medication,783086004,SNOMED,2024-06-01
Human protein C,Medication,784406001,SNOMED,2024-06-01
Caplacizumab,Medication,784411004,SNOMED,2024-06-01
Prasugrel besylate,Medication,1149423007,SNOMED,2024-06-01
Ertugliflozin pidolate,Medication,1162393006,SNOMED,2024-06-01
P2Y12 G-protein-coupled platelet receptor antagonist,Medication,1162905001,SNOMED,2024-06-01
Platelet glycoprotein-IIb/IIIa receptor antagonist,Medication,1162907009,SNOMED,2024-06-01
Lidocaine hydrochloride monohydrate,Medication,1217602005,SNOMED,2024-06-01
(S)-metoprolol,Medication,1240343008,SNOMED,2024-06-01
Canagliflozin anhydrous,Medication,1268978008,SNOMED,2024-06-01
Phenytoin calcium,Medication,445821000221103,SNOMED,2024-06-01
